name,price,rating,review_count,address,city,state,zip_code
Diablos Micheladas Mexican Grill,$$,4.0,19,8304 Limonite Ave,Riverside,CA,92509
Sushi R91,$$,4.0,417,1630 Spruce St,Riverside,CA,92507
Placita,$$,4.0,182,1805 University Ave,Riverside,CA,92507
Rockstar Shrimp,$$,4.0,434,767 W Blaine St,Riverside,CA,92507
Yard House,$$,3.5,876,3775 Tyler St,Riverside,CA,92503
Backstreet Restaurant,$$,4.0,316,3735 Nelson St,Riverside,CA,92506
Best Thai Cuisine,$$,4.0,842,1735 Spruce St,Riverside,CA,92507
Bann Thai,$$,4.0,65,6461 Brockton Ave,Riverside,CA,92506
Punjab Palace,$$,4.0,559,1766 University Ave,Riverside,CA,92507
OK Tofu House,$$,4.0,238,10560 Magnolia Ave,Riverside,CA,92505
The Beach,$$,3.5,324,8022 Limonite Ave,Riverside,CA,92509
Peking Chinese Restaurant,$$,4.0,389,11170 Magnolia Ave,Riverside,CA,92505
Royal Orchid Thai Restaurant,$,4.0,327,9791 Magnolia Ave,Riverside,CA,92503
Poke Bistro,$$,4.5,609,3375 Iowa Ave,Riverside,CA,92507
Otsuka Ramen & Bar,$$,3.5,96,10949 Magnolia Ave,Riverside,CA,92505
Punjab Palace,$$,4.0,465,10359 Magnolia Ave,Riverside,CA,92505
Kabab El Basha,$$,4.0,37,365 Iowa Ave,Riverside,CA,92507
Saucy Me,,5.0,2,,Riverside,CA,92504
Taco Station,$,4.0,590,4088 Mission Inn Ave,Riverside,CA,92501
Ixtapa,$$,4.0,79,4093 University Ave,Riverside,CA,92501
Law's Restaurant,$$,3.5,269,9640 Indiana Ave,Riverside,CA,92503
Taiyos Sushi & Poki,$$,4.0,616,11120 Magnolia Ave,Riverside,CA,92505
Taqueria 2 Potrillos - Riverside,$,4.0,97,10088 Magnolia Ave,Riverside,CA,92503
Romano's,$$,3.0,412,5225 Canyon Crest Dr,Riverside,CA,92507
D'caesaro Pizza & Italian Restaurant,$,4.5,372,6160 Arlington Ave,Riverside,CA,92504
Gram's Mission BBQ,$$,3.5,558,3527 Main St,Riverside,CA,92501
Retro Taco,,4.0,146,3744 Main St,Riverside,CA,92501
Locals Public House,$$,4.5,119,285 E Alessandro Blvd,Riverside,CA,92508
Elias Pita,$$,4.5,833,1490 University Ave,Riverside,CA,92507
El Trigo,$,4.5,386,4155 Park Ave,Riverside,CA,92507
Zen Street,$$,3.5,809,3600 Central Ave,Riverside,CA,92506
Yumei Sushi,$$,4.0,107,9844 Magnolia Ave,Riverside,CA,92503
Victoria Club,$$$,4.0,16,2521 Arroyo Dr,Riverside,CA,92506
Pupuseria La Sierra Restaurant,$,4.0,247,4505 La Sierra Ave,Riverside,CA,92505
Mezcal Cantina Y Cocina,$$,3.5,978,3737 Main St,Riverside,CA,92501
El Habanero,$,4.0,466,6160 Arlington Ave,Riverside,CA,92504
Ooka Japanese Restaurant,$$,3.5,638,3525 Riverside Plaza Dr,Riverside,CA,92506
Plant Power Fast Food,,5.0,9,3940 University Ave,Riverside,CA,92501
Sushingon,$$,4.0,277,6060 Magnolia Ave,Riverside,CA,92506
Angel Thai Cuisine,$$,4.0,286,6736 Brockton Ave,Riverside,CA,92506
Islands Restaurant,$$,4.0,328,3645 Central Ave,Riverside,CA,92506
Raising Cane's Chicken Fingers,$,3.5,542,11066 Magnolia Ave,Riverside,CA,92505
Wicked Garden Cafe,,5.0,4,,Riverside,CA,92503
Amagi Sushi,$$,4.0,291,19510 Van Buren Blvd,Riverside,CA,92508
Kamay Kainan,$,4.0,51,10759 Magnolia Ave,Riverside,CA,92505
Charley Rokks BBQ,$$,4.0,192,5145 Jurupa Ave,Riverside,CA,92504
P.F. Chang's,$$,3.5,452,3475 Tyler St,Riverside,CA,92503
Tocayo Birrieria,,4.0,12,6332 Mission Blvd,Riverside,CA,92509
5 Star Pho Restaurant,$,4.5,299,4950 La Sierra Ave,Riverside,CA,92505
Pho Star Bowl,$,4.5,699,10051 Magnolia Ave,Riverside,CA,92503
Ocean Pho,$$,4.0,148,4069 Chicago Ave,Riverside,CA,92507
So China,$,4.0,78,3737 Main St,Riverside,CA,92501
Freshii,$$,4.5,258,3434 Arlington Ave,Riverside,CA,92506
Pho Ha #7,$,4.0,395,1820 University Ave,Riverside,CA,92507
Sushi Station,$$,4.0,397,19029 Van Buren Blvd,Riverside,CA,92508
Mifen House,$$,4.0,39,1201 University Ave,Riverside,CA,92507
TGI Fridays,$$,3.0,382,3487 Tyler Mall St,Riverside,CA,92503
Pho DJ,$,4.5,62,5180 Arlington Ave,Riverside,CA,92504
Olive Garden Italian Restaurant,$$,3.5,566,3650 Tyler St,Riverside,CA,92503
The Buffalo Spot,$$,3.5,111,3740 Iowa Ave,Riverside,CA,92507
Ramen Okawari,$$,3.5,413,3740 Iowa Ave,Riverside,CA,92507
Top Grill,$,4.5,202,5225 Canyon Crest Dr,Riverside,CA,92507
Marisa's Italian Deli,$$,4.0,305,5225 Canyon Crest Dr,Riverside,CA,92507
Manna Grill,$,4.0,176,1201 University Ave,Riverside,CA,92507
Mirchi,$,4.0,93,1385 W Blaine St,Riverside,CA,92507
Enzo's Pizza & Pasta,$$,4.0,554,10170 Indiana Ave,Riverside,CA,92503
Dragon House,$$,3.5,310,10466 Magnolia Ave,Riverside,CA,92505
Romano's,$$,3.0,229,285 E Alessandro Blvd,Riverside,CA,92508
BurgerIM,$$,4.0,111,10920 Magnolia Ave,Riverside,CA,92505
Viano's Pizza & Pasta,$$,4.5,166,16960 Van Buren Blvd,Riverside,CA,92504
Machos Grill,$$,4.5,35,7700 Limonite Ave,Jurupa Valley,CA,92509
Casa De Vegan,,5.0,14,,Riverside,CA,92503
Mongolian BBQ,$,3.5,180,1242 University Ave,Riverside,CA,92507
Pepitos Mexican Restaurant,$$,3.5,269,6539 Magnolia Ave,Riverside,CA,92506
And Burgers,$$,4.0,235,5225 Canyon Crest Dr,Riverside,CA,92507
The Sire Bar And Grill,$$,3.5,196,6440 Magnolia Ave,Riverside,CA,92506
Teriyaki Plus,$,4.0,262,7120 Indiana Ave,Riverside,CA,92504
Red Lobster,$$,3.0,352,3700 Park Sierra,Riverside,CA,92505
Mariscos Del Pacifico,$$,5.0,61,10436 Magnolia Ave,Riverside,CA,92505
Chili's,$$,3.0,204,499 E Alessandro Blvd,Riverside,CA,92508
The Upper Crust Sandwich Shoppe,$$,4.5,536,3573 Main St,Riverside,CA,92501
La Bufadora Baja Grill,$,4.0,197,497 E Alessandro Blvd,Riverside,CA,92508
Morefire Thai Cuisine,$$,4.0,307,2955 Van Buren Blvd,Riverside,CA,92503
Burgerim,$$,4.0,111,1201 University Ave,Riverside,CA,92507
Las Campanas,$$,3.0,652,3649 Mission Inn Ave,Riverside,CA,92501
Tio's Tacos,$$,3.5,983,3948 Mission Inn Ave,Riverside,CA,92501
The Cali Grub,$,5.0,105,2025 Chicago Ave,Riverside,CA,92507
Buffalo Wild Wings,$$,2.5,603,3775 Tyler St,Riverside,CA,92503
Bricks and Birch,$$,4.0,45,3605 Market St,Riverside,CA,92501
Mission Inn Restaurant,$$$,3.5,829,3649 Mission Inn Ave,Riverside,CA,92501
Northgate Gonzalez Market,,4.0,42,10391 Magnolia Ave,Riverside,CA,92505
Royal Orchid Thai II,$,4.0,274,1450 University Ave,Riverside,CA,92507
Hibachi Grill Buffet,$$,3.0,343,10102 Indiana Ave,Riverside,CA,92503
Maria's Mexican Kitchen,$$,4.0,174,17028 Van Buren Blvd,Riverside,CA,92504
Kountry Folks Homestyle Restaurant,$$,4.0,713,3653 La Sierra Ave,Riverside,CA,92505
Chilitos Mexican Grill,$,4.5,312,3847 S Pierce St,Riverside,CA,92503
Raincross Pub & Kitchen,$$,3.0,249,3557 University Ave,Riverside,CA,92501
Tony’s Mexican Grill,,4.5,97,9670 Magnolia Ave,Riverside,CA,92503
VIVI EATERY,,4.5,64,1400 University Ave,Riverside,CA,92507
The Tamale Factory,$$,3.5,253,3663 Main St,Riverside,CA,92501
El Nuevo San Miguel,$,4.0,95,8800 Limonite Ave,Riverside,CA,92509
Pepitos Mexican restaurant,$$,3.5,155,5225 Canyon Crest Dr,Riverside,CA,92507
Namaste Indian Kitchen,$,4.5,286,6061 Magnolia Ave,Riverside,CA,92506
Papa Joe's Pizza,$,4.5,331,5115 Jurupa Ave,Riverside,CA,92504
Thai Bay Cafe,$,4.0,218,7549 Arlington Ave,Riverside,CA,92503
Smokey Canyon BBQ,$$,3.5,436,5225 Canyon Crest Dr,Riverside,CA,92507
Antonious Pizza & Cafe,$,4.5,181,6701 Indiana Ave,Riverside,CA,92506
Lucky Wok,$,4.0,234,2995 Van Buren Blvd,Riverside,CA,92503
Frice,$$,3.5,176,1299 University Ave,Riverside,CA,92507
Krispy Krunchy Chicken,$,4.0,28,2278 N Main St,Riverside,CA,92501
Los Cabos Tacos,$,4.0,218,11840 Magnolia Ave,Riverside,CA,92503
Mi Lindo Apatzingan,$$,4.0,316,9948 Magnolia Ave,Riverside,CA,92503
Blaze Fast-Fire'd Pizza,$,4.0,774,3540 Riverside Plaza Dr,Riverside,CA,92506
Kaz Ramen,$$,4.0,1469,22413 Barton Rd,Grand Terrace,CA,92313
Riverside Hot Dog Company,$$,5.0,8,,Riverside,CA,92507
Bella Trattoria Italian Bistro,$$,3.0,576,3649 Mission Inn Ave,Riverside,CA,92501
California Pizza Kitchen at Riverside Plaza,$$,3.5,358,3540 Riverside Plz,Riverside,CA,92506
Pho Anh,$,4.5,119,5644 Van Buren Blvd,Riverside,CA,92503
Olivia's Mexican Restaurant,$$,3.5,463,9447 Magnolia Ave,Riverside,CA,92503
Red Robin Gourmet Burgers and Brews,$$,3.0,305,1370 Tyler St,Riverside,CA,92503
Chick-fil-A,$,3.0,117,3640 Central Ave,Riverside,CA,92506
La Chiva Rayada,$,4.5,67,5572 Mission Blvd,Riverside,CA,92509
Cielito Lindo,$$,4.0,82,10277 Arlington Ave,Riverside,CA,92503
MOD Pizza,$,4.0,292,3444 Arlington Ave,Riverside,CA,92506
DeMatteo's Pizza,$$,4.0,176,7030 Magnolia Ave,Riverside,CA,92506
Sushi Okoku,$$,3.5,620,10380 Magnolia Ave,Riverside,CA,92505
Rodrigo's Mexican Grill,$$,3.5,118,3848 La Sierra Ave,Riverside,CA,92505
Dematteo's,,4.5,5,18590 Van Buren Blvd,Riverside,CA,92508
Tuxies Juices,$,4.5,279,6030 Magnolia Ave,Riverside,CA,92506
El Fogon Mexican Grill Riverside,$,4.0,364,765 Blaine St,Riverside,CA,92507
Dhat Creole Grill,$$,4.0,130,3605 Market St,Riverside,CA,92501
Johnny's Burgers,$,4.0,184,3545 Central Ave,Riverside,CA,92506
Capone's Pizza,$,4.0,185,7201 Arlington Ave,Riverside,CA,92503
Oishii Sushi,$$,3.5,547,6133 Magnolia Ave,Riverside,CA,92506
Ahipoki,$$,4.0,118,3540 Riverside Plaza Dr,Riverside,CA,92506
Pho Ha,$,3.0,520,10185 Magnolia Ave,Riverside,CA,92503
Riverside Community College Culinary Academy,$,4.5,54,3801 Market St,Riverside,CA,92501
El Torito,$$,3.5,669,3639 Riverside Plaza Dr,Riverside,CA,92506
Tummy Stuffer,$,4.5,221,1159 Iowa Ave,Riverside,CA,92507
Antonio Pizza,$,4.5,333,195 E Alessandro Blvd,Riverside,CA,92508
C3 Restaurant,$$,4.0,8,3400 Market St,Riverside,CA,92501
Johnny's Burgers,$,4.0,257,3394 Madison St,Riverside,CA,92504
Duke's Bar And Grill,$$,3.5,250,3221 Iowa Ave,Riverside,CA,92507
Cactus Cantina,$$,3.5,251,151 E Alessandro Blvd,Riverside,CA,92508
Taqueria el Flaco,$,4.5,123,4080 Tyler St,Riverside,CA,92503
Magnolia Center Market Place,,4.5,5,6520 Magnolia Ave,Riverside,CA,92506
Tomo7sushi,$$,3.5,305,5519 Van Buren Blvd,Riverside,CA,92503
Chick-fil-A,$,4.0,27,8432 Magnolia Ave,Riverside,CA,92504
Las Campanas Tequila Bar,,5.0,4,3649 Mission Inn Ave,Riverside,CA,92501
Lucies Locadas,$,4.5,23,1601 University Ave,Riverside,CA,92507
Los Novillos Market,$,5.0,41,2650 Main St,Riverside,CA,92501
Poke Bar University Village,$,4.0,223,3740 Iowa Ave,Riverside,CA,92507
La Bufadora Baja Grill,$,4.0,178,5650-52 Van Buren Blvd,Riverside,CA,92503
Ono Hawaiian BBQ,$,3.5,72,3540 Riverside Plaza Dr,Riverside,CA,92506
The Restaurant at Oak Quarry,$$,4.5,11,7151 Sierra Ave,Riverside,CA,92509
Time 2 Taco,$,5.0,40,8947 Limonite Ave,Riverside,CA,92509
Shakey's Pizza Parlor,$$,3.5,148,5941 Van Buren Blvd,Riverside,CA,92503
Chen Ling Palace,$$,3.5,121,9856 Magnolia Ave,Riverside,CA,92503
Nanay Gloria,$,3.0,43,10959 Magnolia Ave,Riverside,CA,92505
Donahoo's Golden Chicken,$,3.5,113,5749 Mission Blvd,Riverside,CA,92509
The Sushi Bar at The Mission Inn,,4.0,39,3649 Mission Inn Ave,Riverside,CA,92501
Joanna's Cafe,$,4.0,265,17950 Van Buren Blvd,Riverside,CA,92508
California Fish Grill,,5.0,8,10920 Magnolia Ave,Riverside,CA,92505
Frostbites Frozen Delights,$,4.5,964,10347 Magnolia Ave,Riverside,CA,92505
Flo's Farmhouse Cafe,$$,4.0,224,5620 Van Buren Blvd,Riverside,CA,92503
Ohana Sushi,$$,3.0,255,195 E Alessandro Blvd,Riverside,CA,92508
Big Mama's Hot Dogs,,4.0,4,4100 Main St,Riverside,CA,92502
Marketplace Cafe,$$,4.0,114,3601 The Galleria At Tyler,Riverside,CA,92503
Phil's Cafe,$,4.5,364,8178 Mission Blvd,Riverside,CA,92509
Leon's Mexican Food,$,4.5,39,7778 Evans St,Riverside,CA,92504
Antonious Pizza Cafe,$,3.5,267,3737 Main St,Riverside,CA,92501
Mr. Rice,$$,3.0,22,1223 University Ave,Riverside,CA,92507
Pacific Cabin Sushi Restaurant,$$,3.5,550,3770 9th St,Riverside,CA,92501
Butch's Grinders,$,4.0,266,4602 Pine St,Riverside,CA,92501
Simple Simon's Bakery & Bistro,$$,4.0,1175,3639 Main St,Riverside,CA,92501
European Deli Market,$,4.5,75,7120 Indiana Ave,Riverside,CA,92504
Ten Ren's Tea Time,$$,3.5,715,1400 University Ave,Riverside,CA,92507
Mr. Taco,$,3.5,276,18590 Van Buren Blvd,Riverside,CA,92508
R Burgers,$,4.0,406,1666 University Ave,Riverside,CA,92507
Dexters Deli,$$,4.0,154,6733 Indiana Ave,Riverside,CA,92506
Cha2o Vietnamese Restaurant & Dessert Lounge - Riverside,$,3.5,277,1400 University Ave,Riverside,CA,92507
Monark Asian Bistro,$$,3.5,168,5225 Canyon Crest Dr,Riverside,CA,92507
Lake Alice Trading,$$,3.5,279,3616 University Ave,Riverside,CA,92501
El Monte Grill,$,4.0,28,3570 Adams St,Riverside,CA,92504
Señor Baja,$$,3.5,184,6033 Magnolia Ave,Riverside,CA,92506
Peking Express,$,4.0,64,5214 Arlington Ave,Riverside,CA,92504
El Corral Mexican Grill,$$,4.0,127,4955 Felspar St,Riverside,CA,92509
Zorba's Burgers,$,4.0,435,450 Iowa Ave,Riverside,CA,92507
Cardelli's Italian Market Deli & Catering,$,4.5,250,7786 Limonite Ave,Riverside,CA,92509
Taqueria Tomateros,$,4.0,299,9164 Magnolia Ave,Riverside,CA,92503
Santa Maria Style Oak Pit BBQ,,5.0,1,,Riverside,CA,92506
Tacos Y Birria Los Valencia,,5.0,1,4911 Felspar St,Riverside,CA,92509
Amy's,$$,4.0,299,10635 Magnolia Ave,Riverside,CA,92505
Park Ave Poly & Mexican Restautant,,5.0,5,4038 Park Ave,Riverside,CA,92507
Wingstop,$$,2.0,100,2995 Van Buren Blvd,Riverside,CA,92503
Los Jilberto's Taco Shop,$,4.0,725,1635 University Ave,Riverside,CA,92516
Antone's Italian Food,$$,4.0,107,6487 Brockton Ave,Riverside,CA,92506
Pietro's Italian Cuisine,$$,3.0,237,6788 Brockton Ave,Riverside,CA,92506
In-N-Out Burger,$,3.5,302,7467 Indiana Ave,Riverside,CA,92504
Pho 99 Vietnamese Restaurant,$,4.0,169,4557 La Sierra Ave,Riverside,CA,92505
El Suegro's Tacos,$,5.0,10,,Riverside,CA,92505
Dickey's Barbecue Pit,$$,3.5,165,3540 Riverside Plaza Dr,Riverside,CA,92506
Mr Popper's Kettle Korn,,5.0,5,2825 Calle Tierra Santa,Riverside,CA,92882
The Riverside Airport Cafe,,4.0,36,6951 Flight Rd,Riverside,CA,92504
El Raspadito,$,4.0,71,5624 Van Buren Blvd,Riverside,CA,92503
Casa Mota,$,4.0,200,8151 Arlington Ave,Riverside,CA,92503
Goodwin's Organics Cafe,$$,4.5,236,191 W Big Springs Rd,Riverside,CA,92507
Mariscos El Camaron Loco Restaurant,$$,3.5,46,3340 Mary St,Riverside,CA,92506
The Habit Burger Grill,$,4.0,194,3555 Riverside Plaza Dr,Riverside,CA,92506
Ono Hawaiian BBQ,$,3.0,95,3531 Madison Ave,Riverside,CA,92504
Happy Buffet,$$,2.5,148,5600 Van Buren Blvd,Riverside,CA,92503
Applebee's Grill + Bar,$$,2.5,223,3820 Mulberry,Riverside,CA,92507
Angel's Tijuana Tacos,,3.5,3,9474 Magnolia Ave,Riverside,CA,92503
Tin Lizzy's Cookie Cafe,$,4.5,63,1485 Spruce St,Riverside,CA,92507
Little Green Onion,$,4.0,498,6723 Brockton Ave,Riverside,CA,92506
Sweet Stop Candy Shop,$,5.0,4,,Riverside,CA,92501
The Sub Station,$,4.5,296,3663 Canyon Crest Dr,Riverside,CA,92507
Indian Curry Hut,$,3.5,37,1223 University Ave,Riverside,CA,92507
Stater Bros. Markets,$$,3.5,63,2841 Mary St,Riverside,CA,92506
Taco Man George,$$,4.5,29,5953 Paramount Dr,Riverside,CA,92509
East Coast Bagel,$,4.0,205,5225 Canyon Crest Dr,Riverside,CA,92507
Zacatecas Cafe,$$,3.5,215,3767 Iowa Ave,Riverside,CA,92507
Tio's Mexican Food,$,3.0,162,19009 Van Buren Blvd,Riverside,CA,92508
Boba Tea House,$,4.0,517,767 W Blaine St,Riverside,CA,92507
Pho Vinam,$,3.0,548,1201 University Ave,Riverside,CA,92507
Greedy Cat,$,3.5,28,1400 University Ave,Riverside,CA,92507
New India Sweets and Spices,$,4.0,111,1320 Blaine St,Riverside,CA,92507
Tuition Tacos,,5.0,2,3375 Iowa Ave,Riverside,CA,92507
Tina's Mexican Food,$,4.0,177,2421 University Ave,Riverside,CA,92507
R Burgers,$,3.5,117,5980 Van Buren Blvd,Riverside,CA,92503
Popeyes Louisiana Kitchen,$,2.5,125,9825 Magnolia Ave,Riverside,CA,92503
Soup Shoppe,$,4.0,246,6712 Magnolia Ave,Riverside,CA,92506
Dona Timo's - La Cascada,$,3.5,292,3635 University Ave,Riverside,CA,92501
Chela's Bakery,$,4.5,42,4022 Park Ave,Riverside,CA,92507
Tijuana's Tacos,$,3.5,163,8151 Arlington Ave,Riverside,CA,92503
Brandon's Diner Jr Of City Hall,$$,3.5,32,3900 Main St,Riverside,CA,92501
Casa Jimenez Mexican Grill,$,4.0,47,2964 Rubidoux Blvd,Riverside,CA,92509
La Parrilla mission,,4.5,71,7372 Mission Blvd,Jurupa Valley,CA,92509
El Chapala Seafood Restaurant,$$,4.0,31,8201 Arlington Ave,Riverside,CA,92503
Arts Bar & Grill,$$,3.5,133,3357 University Ave,Riverside,CA,92501
ZiZi BBQ House,$$,3.5,74,3740 Iowa Ave,Riverside,CA,92507
Bella's Pizza,$,4.0,64,5196 Arlington Ave,Riverside,CA,92504
Antojitos Mexicanos La Ribera,$,3.5,67,4773 Tyler St,Riverside,CA,92503
De Via Bella's Pizza & Sports Bar,$,4.0,220,3812 Pierce St,Riverside,CA,92503
Thai Noodle House and BBQ,,3.5,10,11860 Magnolia Ave,Riverside,CA,92503
Joe Aguilar's Templo Del Sol,$,4.0,174,1365 University Ave,Riverside,CA,92507
Pizza King,$,4.0,62,9185 Jurupa Rd,Riverside,CA,92509
D'Elia's Grinders,$,3.5,565,2093 University Ave,Riverside,CA,92507
Mr.Taco,$,3.0,141,5701 Van Buren Blvd,Riverside,CA,92503
Sushiya Riverside,$$,3.0,627,1201 University Ave,Riverside,CA,92507
New York Pizza,$,3.0,262,3570 Van Buren Blvd,Riverside,CA,92503
Tony's Mexican Food,$,4.0,79,10328 Arlington Ave,Riverside,CA,92505
Pinnacle Peak Steakhouse- Colton,$$,3.0,290,2533 S La Cadena Dr,Colton,CA,92324
Soho Ramen,$$,2.5,180,3605 Market St,Riverside,CA,92501
Tony's Mexican Food,$,4.0,175,3870 Chicago Ave,Riverside,CA,92507
Green Taco,$,4.5,322,3812 Pierce St,Riverside,CA,92503
Dorry's Bar & Grill,$$,3.5,171,17136 Van Buren Blvd,Riverside,CA,92504
Tacos El Rancho,$,3.5,72,4950 La Sierra Ave,Riverside,CA,92505
Mi Lindo Apatzingan # 2,,5.0,2,10529 Hole Av,Riverside,CA,92505
Johnny's Burger,$,3.5,160,4825 La Sierra Ave,Riverside,CA,92505
Scratch Pizza,$,4.0,162,4950 La Sierra Ave,Riverside,CA,92505
Nikko's Burgers,$,4.0,84,9295 Magnolia Ave,Riverside,CA,92503
The Lucky Greek,$,3.5,166,3887 Merrill Ave,Riverside,CA,92506
Milly's Café,,5.0,1,5125 Jurupa Ave,Riverside,CA,92504
Wok In Kitchen,$,3.5,109,5050 Arlington Ave,Riverside,CA,92504
Daily Brew Coffee House,$,4.5,469,2955 Van Buren Blvd,Riverside,CA,92503
Boba Cafe,$,3.0,363,1223 University Ave,Riverside,CA,92507
Azteca Market,$,5.0,17,5125 Jurupa Ave,Riverside,CA,92504
PIE X CO,,5.0,3,,Redlands,CA,92373
Imperial Sushi & Seafood,$$,4.0,55,8022 Limonite Ave,Jurupa Valley,CA,92509
Costa Delmar,$,4.5,72,4561 La Sierra Ave,Riverside,CA,92505
Los Fredo's Mexican Food,$,3.5,45,9111 Magnolia Ave,Riverside,CA,92503
El Ojo De Agua,$,3.5,207,2115 University Ave,Riverside,CA,92507
Blaze Fast-Fire'd Pizza,$,3.5,80,10920 Magnolia Ave,Riverside,CA,92505
Rancho La Perla,$,4.0,46,3700 Van Buren Blvd,Riverside,CA,92503
Baguette Bakery & Cafe,$,4.0,141,767 W Blaine St,Riverside,CA,92507
Emerbee's,,3.5,8,900 University Ave,Riverside,CA,92521
Mariachis El Nori,$$,4.0,3,4920 Jackson St,Riverside,CA,92503
Deliziosas Pupusas,,3.5,4,4080 Lemon St,Riverside,CA,92501
In-N-Out Burger,$,3.0,157,6634 Clay,Riverside,CA,92509
Star Burgers,$,4.0,47,7207 Arlington Ave,Riverside,CA,92503
The Habit Burger Grill,$,4.0,167,3510 Tyler St,Riverside,CA,92503
Brisco's Cafe,$,4.0,6,8432 Magnolia Ave,Riverside,CA,92504
Chipotle Mexican Grill,$,2.5,316,3525 Riverside Plaza Dr,Riverside,CA,92506
Thai Kitchen,$,4.5,490,22411 Barton Rd,Grand Terrace,CA,92313
Cano's Market,$,4.5,69,6024 Magnolia Ave,Riverside,CA,92506
Taco Villa,$,4.0,144,8022 Limonite Ave,Riverside,CA,92509
WaBa Grill,$$,2.5,15,6187 Magnolia Ave,Riverside,CA,92506
China Town,$,3.5,130,10935 Magnolia Ave,Riverside,CA,92505
WaBa Grill,$$,4.0,27,5286 Arlington Ave,Riverside,CA,92504
ABC Mongolian BBQ,$,4.0,238,22417 Barton Rd,Grand Terrace,CA,92313
Sizzler,$$,2.5,86,6631 Clay St,Pedley,CA,92509
Tacos La Tapatia,$$,4.0,37,8842 Limonite Ave,Riverside,CA,92509
Castaneda's Mexican Food,$,2.5,154,6751 Indiana Ave,Riverside,CA,92506
Taqueria Valenzuela,,5.0,2,6051 Mission Blvd,Riverside,CA,92509
George's Drive-In,$,3.5,269,9910 Magnolia Ave,Riverside,CA,92503
Krispy Krunchy Chicken,$$,4.0,2,7494 Indiana Ave,Riverside,CA,92504
Dia De Los Puercos,,3.0,150,3605 Market St,Riverside,CA,92501
Restaurant Salvadoreno Usuluteco,$,3.5,38,4650 La Sierra Ave,Riverside,CA,92505
Un Mundo De Sabor Mexican,$,4.0,26,9085 Mission Blvd,Riverside,CA,92509
Restaurante Salvadoreno,$$,3.5,12,4650 La Sierra Ave,Riverside,CA,92505
Dos Pablos,$,4.5,90,9080 Mission Blvd,Riverside,CA,92509
Brandon's Diner,$$,4.0,302,10246 Indiana Ave,Riverside,CA,92503
Lee's Sandwiches,$,4.0,394,1889 University Ave,Riverside,CA,92507
Mexicali Bar & Grill,$$,3.5,74,1690 Spruce St,Riverside,CA,92507
Yoshinoya - University & Iowa UCR,$,2.5,119,1201 University Ave,Riverside,CA,92507
Pick Up Stix,$,3.0,96,3540 Riverside Plaza Dr,Riverside,CA,92506
La Mazorca Market,$,4.0,18,6022 Tyler St,Riverside,CA,92503
Ahumadas Mexican Grill and Tacos,,4.5,6,7614 Evans St,Riverside,CA,92504
Ho Ho Chinese Food,$,2.5,58,3511 Madison St,Riverside,CA,92504
Rubio's,$,3.5,98,1201 University Ave,Riverside,CA,92507
Ray's Ranch Cafe,$$,4.0,70,10459 Arlington Ave,Riverside,CA,92505
Mi Taqueria Poblana,$,4.0,9,6875 Valley Way,Riverside,CA,92509
Los Potrillos Meat Market,$,4.5,19,10330 Hole Ave,Riverside,CA,92505
Juan Pollo,$,3.5,109,6055 Magnolia Ave,Riverside,CA,92506
Wanda's Cafe,$,3.5,13,8432 Magnolia Ave,Riverside,CA,92504
Pixels Bar And Eatery,$$,2.5,169,3535 University Ave,Riverside,CA,92501
Acapulco Pollo,$,4.5,43,8151 Arlington Ave,Riverside,CA,92503
Park Ave Mexican Restaurant,$,4.0,8,4038 Park Ave,Riverside,CA,92507
The HoneyBaked Ham Company - Riverside,$$,4.0,68,5276 Arlington Ave,Riverside,CA,92504
Panera Bread,$$,3.0,324,3560 Riverside Plaza Dr,Riverside,CA,92506
Tortilla Grille,$$,2.5,54,5225 Canyon Crest Dr,Riverside,CA,92507
Original Tommy's Hamburgers-Riverside,$,3.0,106,7504 Mission Grove Pkwy S,Riverside,CA,92508
Mr Taco,$$,3.5,363,2435 Main St,Riverside,CA,92501
M Taco,$,3.0,98,4111 Main St,Riverside,CA,92501
Paracho Mexican and Seafood,$$,3.5,31,8933 Limonite Ave,Riverside,CA,92509
Vicky's Burger,$,4.0,130,8320 Limonite Ave,Riverside,CA,92509
Taqueria Azteca,$,3.5,81,5959 Arlington Ave,Riverside,CA,92504
Fast 5 Pizza,$,4.0,61,5300 Arlington Ave,Riverside,CA,92504
The Hideaway Cafe,$,3.0,312,3660 Mission Inn Ave,Riverside,CA,92501
NORMS Restaurant,$$,3.0,559,3889 Tyler St,Riverside,CA,92503
Mongolian Grill,$,3.0,27,2269 Galleria At Tyler,Riverside,CA,92503
El Silencito,$,4.5,5,1091 Center St,Riverside,CA,92507
Sizzle,,4.0,2,400 W Big Springs Rd,Riverside,CA,92507
Jasmine Garden,$,3.0,79,7990 Limonite Ave,Riverside,CA,92509
Diane's Deli,$,4.0,84,2900 Adams St,Riverside,CA,92504
Stater Bros. Markets,$$,4.0,46,315 E Alessandro Blvd,Riverside,CA,92508
Chipotle Mexican Grill,$,2.5,121,3510 Tyler St,Riverside,CA,92503
The Flame Broiler,$,3.5,67,10303 Magnolia Ave,Riverside,CA,92505
Yoshinoya - Madison,$,2.5,74,3501 Madison St,Riverside,CA,92504
Marcellos Pizza Place,$,3.5,85,6519 Clay St,Riverside,CA,92509
Alvaro's Mexican Food,$,3.0,48,7050 Magnolia Ave,Riverside,CA,92506
Round Table Pizza,$$,3.0,74,7732 Limonite Ave,Riverside,CA,92509
Wingstop,$$,2.0,155,1744 University Ave,Riverside University,CA,92507
Tj Tacos,$,3.5,39,3612 Valley Way,Riverside,CA,92509
The Flame Broiler,$,3.0,61,6059 Magnolia Ave,Riverside,CA,92506
Woody's Classic Grill,$$,4.0,290,22400 Barton Rd,Grand Terrace,CA,92313
The Sushi Bar,$$,3.5,55,3649 Mission Inn Ave,Riverside,CA,92501
Hibachi-San,,3.5,13,900 University Ave,Riverside,CA,09251
Sonic Drive-In,$,3.0,207,9505 Magnolia Ave,Riverside,CA,92503
Riviera Family Restaurant,$,4.0,147,5633 Mission Blvd,Riverside,CA,92509
Tacos El Camaroncito,$,3.5,30,2592 Rubidoux Blvd,Riverside,CA,92509
Alberto's Mexican Food,$,3.0,43,5274 Arlington Ave,Riverside,CA,92504
Main Street Market & Deli,,3.5,3,881 Main St,Riverside,CA,92501
Marcellos Pizza & Pasta,$,3.5,173,17024 Van Buren Blvd,Riverside,CA,92504
MOD Pizza,$,4.5,25,900 University Ave,Riverside,CA,92507
Stater Bros. Markets,$,3.0,26,6160 Arlington Ave,Riverside,CA,92504
Wingstop,$,2.5,207,18560 Van Buren Blvd,Riverside,CA,92508
Better Be Donuts & Cafe,$,5.0,41,1015 E Alessandro Blvd,Riverside,CA,92508
Ruben's Tacos,$,3.5,131,7107 Arlington Ave,Riverside,CA,92503
El Calentano Restaurant,,3.5,7,10390 Arlington Ave,Riverside,CA,92505
Tams Burgers,$,3.5,90,5639 Mission Blvd,Riverside,CA,92509
Fiesta Pizza,$,4.0,45,6110 Van Buren Blvd,Riverside,CA,92503
M & M Deli,$,4.0,81,1960 Chicago Ave,Riverside,CA,92507
My Hero-Subs,$,4.0,165,3355 Iowa Ave,Riverside,CA,92507
El Rinconsito,$,3.5,20,8990 Mission Blvd,Riverside,CA,92509
Rising Savor,$,3.5,204,3852 Chicago Ave,Riverside,CA,92507
The Barn,$,3.5,65,900 University Ave,Riverside,CA,92521
Dairy Queen,$,3.5,61,6665 Magnolia Ave,Riverside,CA,92506
Bloom & Butter,,5.0,1,3540 9th St,Riverside,CA,92501
Jammin' Bread,$$,3.5,330,5255 Canyon Crest Dr,Riverside,CA,92507
Taqueria Mi Ranchito,$,4.0,66,4724 La Sierra Ave,Riverside,CA,92505
Panda Express,$,2.0,102,9867 Magnolia Ave,Riverside,CA,92503
Farmer Boys,$$,3.0,192,3400 University Ave,Riverside,CA,92501
Chipotle Mexican Grill,$,3.0,104,8956 Trautwein Rd,Riverside,CA,92508
Mercado Don Juan #3,$,4.5,36,3375 Iowa Ave,Riverside,CA,92507
Miguel's Jr,$,3.5,108,1301 Galleria At Tyler,Riverside,CA,92503
Antojitos Df Mexican Food,,5.0,2,4561 La Sierra Ave,Riverside,CA,92505
Rico's Tacos El Primo,$,3.5,86,1788 University Ave,Riverside,CA,92507
Taco Mania,$,3.5,10,1725 Spruce St,Riverside,CA,92507
Arby's,$,3.5,55,10160 Hole Ave,Riverside,CA,92503
Panda Express,$,3.5,29,900 University Ave,Riverside,CA,92521
Ramiro's Cocina,$,4.0,160,9418 Magnolia Ave,Riverside,CA,92503
WaBa Grill,$,4.0,45,6390 Van Buren Blvd,Riverside,CA,92503
The Bistro At Courtyard By Marriott Riverside/ucr Area,$$,5.0,7,1510 University Ave,Riverside,CA,92507
Marie Callender's Restaurant & Bakery,$$,3.5,194,3505 Merrill Ave,Riverside,CA,92506
Bajio Mexican Grill,$,4.0,58,3760 9th St,Riverside,CA,92501
D'Elia's Grinders,$$,3.0,138,19009 Van Buren Blvd,Riverside,CA,92508
Marcello's Pizza & Pasta,$,3.0,157,783 W Blaine St,Riverside,CA,92507
Pizza Fanzz,$,4.0,15,8884 Limonite Ave,Riverside,CA,92509
Jersey Mike's Subs,$,3.0,138,497 E Alessandro Blvd,Riverside,CA,92508
Home of the Flying Saucer,$,4.0,44,8882 Limonite Ave,Riverside,CA,92509
Crest Cafe,$$,3.0,352,5225 Canyon Crest Dr,Riverside,CA,92507
Bits & Bytes Cafe,$,3.5,2,3450 14th St,Riverside,CA,92501
El Colima,$,3.5,94,9279 Jurupa Rd,Riverside,CA,92509
Las Nuevas Islas - Riverside,$$,3.5,14,4920 Jackson St,Riverside,CA,92503
Keriko Pollos y Tacos,$,4.5,54,5623 Mission Blvd,Jurupa Valley,CA,92509
Chris' Burgers,$,3.5,34,407 Iowa Ave,Riverside,CA,92507
Vernes,,5.0,1,Riverside,Cheltenham,GLS,GL54 2DP
Miguel's Jr,$,3.0,91,17815 Van Buren Blvd,Riverside,CA,92508
WaBa Grill,$,3.5,40,4069 Chicago Ave,Riverside,CA,92507
India Snacks Sweets & Grocery,$,3.5,40,779 W Blaine St,Riverside,CA,92507
Jersey Mike's Subs,$$,3.0,70,3540 Riverside Plaza Dr,Riverside,CA,92506
US Donuts,$,4.5,71,4786 La Sierra Ave,Riverside,CA,92505
Food Fusion,,4.0,14,3375 Iowa Ave,Riverside,CA,92507
Alberto's Mexican Food,$,2.5,88,11885 Magnolia Ave,Riverside,CA,92503
Roberto's Taco Shop,$,3.0,91,19530 Van Buren Blvd,Riverside,CA,92508
Dave's New York Pizza,$,3.0,89,1490 University Ave,Riverside,CA,92507
Hong Kong Express,$,2.5,122,1490 University Ave,Riverside,CA,92507
Neighborhood Market Mexican Food and Pizza,$,4.5,69,2531 S La Cadena Dr,Colton,CA,92324
Krazy Greek,$,3.5,102,10501 Hole Ave,Riverside,CA,92505
Los Zarapes Restaurant,$,4.0,21,5551 Mission Blvd,Riverside,CA,92509
Wendy's,$,3.0,80,3565 Central Ave,Riverside,CA,92506
Panera Bread,$$,3.0,183,3510 Tyler St,Riverside,CA,92503
Creme de la Creme Cafe,,3.0,12,4080 Lemon St,Riverside,CA,92501
WaBa Grill,$,3.0,90,3758 La Sierra Ave,Riverside,CA,92505
Ho Choy's Chinese Food,$,3.5,44,10352 Arlington Ave,Riverside,CA,92505
Brandon's Diner,$$,3.5,166,10271 Magnolia Ave,Riverside,CA,92503
Dairy Queen,$,4.0,40,8610 California Ave,Riverside,CA,92507
Pacific Grill,,2.5,16,2257 Galleria at Tyler,Riverside,CA,92503
Gold Star Hamburgers,$,3.5,99,6400 Clay St,Riverside,CA,92509
Tacos El Chapulin Cain,,3.0,5,,Riverside,CA,92509
Riverwalk Burgers and Grill,$,3.5,121,3812 Pierce St,Riverside,CA,92503
Papa Joe's Pizza,$,4.0,121,10555 Indiana Ave,Riverside,CA,92503
Subs & Spuds,$,4.0,191,5225 Canyon Crest Dr,Riverside,CA,92507
Marisco Factory,$$,3.0,51,10529 Hole Ave,Riverside,CA,92505
The Flame Broiler,$,3.0,136,1201 University Ave,Riverside,CA,92507
Amy's Tacos Truck,$,3.5,7,17945 Van Buren Blvd,Riverside,CA,92508
Taqueria Valenzuela,,5.0,2,6051 Mission Blvd,Riverside,CA,92509
Joe's Bar & Grill,$,3.5,47,10909 Magnolia Ave,Riverside,CA,92505
Mr You Express Chinese Food,$,3.0,24,4770 La Sierra Ave,Riverside,CA,92505
Baker’s Dozen Donuts,,4.5,2,6100 Magnolia Ave,Riverside,CA,92506
Getaway Cafe,$,3.5,288,3615 Canyon Crest Dr,Riverside,CA,92507
KFC,$,1.5,41,6221 Van Buren Blvd,Riverside,CA,92503
Highlander Union Building,$,4.5,11,900 University Ave,Riverside,CA,92507
Flame Broiler,$,3.5,17,4950 La Sierra Ave,Riverside,CA,92505
La Mazorca Numero 2,,3.5,4,6022 Tyler St,Riverside,CA,92503
The 9th Street Eatery,$,4.0,94,3530 9th St,Riverside,CA,92501
El Pollo Loco,$,2.0,91,3655 Riverside Plz,Riverside,CA,92506
Crepeaholics,,3.5,3,1299 Galleria At Tyler,Riverside,CA,92503
Del Taco,$,3.5,67,5290 Arlington Ave,Riverside,CA,92504
Fast 5 Pizza,$,3.5,23,4901 La Sierra Ave,Riverside,CA,92505
The Lone Ranger Cafe,$,4.0,58,9085 Mission Blvd,Riverside,CA,92509
Couch’s Corner,,4.0,2,3570 Adams St,Riverside,CA,92504
Juan Pollo,$,3.5,58,8022 Limonite Ave,Jurupa Valley,CA,92509
Subway,$,4.0,18,3315 14th St,Riverside,CA,92501
Chronic Tacos,$,2.5,31,900 University Ave,Riverside,CA,92521
Mi Lindo Apatzigan Mexican and Seafood,$$,2.0,2,10529 Hole Ave,Riverside,CA,92505
Lasmarias Soup Company,,5.0,1,120 Main St,Irwindale,CA,91010
Nohemi's Catering Mexican Food,,5.0,1,4266 Papago St,Riverside,CA,92509
Golden Ox Burgers Restaurant,$,3.5,91,6490 Magnolia Ave,Riverside,CA,92506
Ray's Pizza,$,3.5,160,1201 University Ave,Riverside,CA,92507
Flabob Airport Cafe,$,3.5,60,4130 Mennes Ave,Riverside,CA,92509
Little Caesars Pizza,$,2.0,66,8610 California Ave Ste 104,Riverside,CA,92504
George the Greek,$,3.0,36,10020 Arlington Ave,Riverside,CA,92503
Baker's Drive-Thru,$,3.0,92,3522 Adams St,Riverside,CA,92504
Guacamoles,$,3.0,31,4773 Tyler St,Riverside,CA,92503
KFC,$,2.0,130,5225 Canyon Crest Dr,Riverside,CA,92507
The Habit Burger Grill,$,3.5,26,900 University Ave,Riverside,CA,92521
Zorba's Express,$,3.0,52,2770 University Ave,Riverside,CA,92507
Coco's Bakery Restaurant,$$,3.0,88,8845 Trautwein Rd,Riverside,CA,92508
Osaka Japan,,2.5,12,1299 Galleria at Tyler,Riverside,CA,92503
Abelito's Mexican Grill,$,4.0,26,9051 Mission Blvd,Riverside,CA,92509
China Wok Inn,$,3.5,61,5771 Mission Blvd,Riverside,CA,92509
Denny's,$,3.0,122,3530 Madison St,Riverside,CA,92504
Alberto's Mexican Food,$,1.5,103,3565 Van Buren Blvd,Riverside,CA,92503
Tacos El Jr,$,3.5,63,126 Iowa Ave,Riverside,CA,92507
Mr China Express,$,2.5,27,6160 Arlington Ave,Riverside,CA,92504
El Pollo Loco,$,2.5,53,3487 Madison,Riverside,CA,92504
Yum Yum Donuts,$,3.5,40,3247 Arlington Ave,Riverside,CA,92506
Del Taco,$,3.0,21,3487 Arlington Ave,Riverside,CA,92506
Nick's Burger,,5.0,1,5551 Mission Blvd,Riverside,CA,92509
Pizza Hut,$,1.5,58,3255 Arlington Ave,Riverside,CA,92506
The Pizza Place,$$,3.0,78,18955 Van Buren Blvd,Riverside,CA,92508
Jay's Flame-Grilled Peri-Peri Chicken,,2.0,5,1299 Galleria At Tyler,Riverside,CA,92503
Jersey Mike's Subs,$,3.5,79,1201 University Ave,Riverside,CA,92507
Castañeda's Mexican Food,$,2.5,303,1450 P University Ave,Riverside,CA,92507
Burger King,$,2.5,28,5790 Van Buren Blvd,Riverside,CA,92503
Press Enterprise,$,4.0,3,4665 Vine St,Riverside,CA,92507
Stater Bros. Markets,$$,3.5,43,3420 La Sierra,Riverside,CA,92503
Stater Bros. Markets,$$,3.0,21,9225 Magnolia Ave,Riverside,CA,92503
El Pollo Loco,$,3.0,66,2200 University Ave,Riverside,CA,92507
Farmer Boys,$,3.0,174,3883 Pierce St,Riverside,CA,92503
Aloha Pizza and Pasta,$$,3.5,71,755 W Blaine St,Riverside,CA,92507
Sub Hub,,4.5,3,3873 Pyrite St,Riverside,CA,92509
Burger King,$,2.0,51,2167 University Ave,Riverside,CA,92507
Baker's Drive-Thru,$,2.5,63,6686 Indiana Ave,Riverside,CA,92506
Jimmy John's,$,3.5,39,3747 Central Ave,Riverside,CA,92506
Farmer Boys,$,3.0,91,16880 Van Buren Blvd,Riverside,CA,92504
Tacos Los Compadres,$,3.0,42,5598 Mission Blvd,Riverside,CA,92509
La Noria Market,$,4.5,8,5704 Mission Blvd,Riverside,CA,92509
Mr You Express,$,3.0,33,19348 Van Buren Blvd,Riverside,CA,92508
Aurea Vista,$,2.5,75,3498 University Ave,Riverside,CA,92501
Little Caesars Pizza,$,2.0,45,6095 Magnolia,Riverside,CA,92508
Church's Chicken,$,2.0,101,1886 University Ave,Riverside,CA,92507
Baker's Drive-Thru,$,3.0,84,2221 Main St,Riverside,CA,92501
McDonald's,$,1.5,123,7474 Indiana St,Riverside,CA,92504
Burger King,$,3.5,4,5200 van buren blvd,Riverside,CA,92503
Fast 5 Pizza,$,3.5,30,1889 University Ave,Riverside,CA,92507
Fries Galore,$$,4.5,69,13188 Main St,Hesperia,CA,92345
